<?xml version="1.0" encoding="UTF-8" standalone="no"?>
<manifest identifier="DERINLIK_VOLKANIZMASI_SIM_01" version="1"
          xmlns="http://www.imsproject.org/xsd/imscp_rootv1p1p2"
          xmlns:adlcp="http://www.adlnet.org/xsd/adlcp_rootv1p2"
          xmlns:xsi="http://www.w3.org/2001/XMLSchema-instance"
          xsi:schemaLocation="http://www.imsproject.org/xsd/imscp_rootv1p1p2 imscp_rootv1p1p2.xsd
                              http://www.imsglobal.org/xsd/imsmd_rootv1p2p1 imsmd_rootv1p2p1.xsd
                              http://www.adlnet.org/xsd/adlcp_rootv1p2 adlcp_rootv1p2.xsd">
  <metadata>
    <schema>ADL SCORM</schema>
    <schemaversion>1.2</schemaversion>
    <adlcp:location>metadata.xml</adlcp:location>
  </metadata>
  
  <organizations default="DERINLIK_VOLKANIZMASI_ORG">
    <organization identifier="DERINLIK_VOLKANIZMASI_ORG">
      <title>Derinlik Volkanizması</title>
      <item identifier="ITEM_01" identifierref="RESOURCE_01">
        <title>Derinlik Volkanizması</title>
        <adlcp:masteryscore>80</adlcp:masteryscore>
        <metadata>
          <schema>ADL SCORM</schema>
          <schemaversion>1.2</schemaversion>
          <adlcp:location>metadata.xml</adlcp:location>
        </metadata>
      </item>
    </organization>
  </organizations>
  
  <resources>
    <resource identifier="RESOURCE_01" type="webcontent" href="index.html" adlcp:scormtype="sco">
      <metadata>
        <schema>ADL SCORM</schema>
        <schemaversion>1.2</schemaversion>
        <adlcp:location>metadata.xml</adlcp:location>
      </metadata>
      <file href="index.html"/>
      <file href="SCORM_API_wrapper.js"/>
      <file href="volkan.png"/>
    </resource>
  </resources>
</manifest>
